{
    "events":[{
        "datetime": "2018-01-10",
        "original_text": "立法院三讀通過勞基法修正案。",
        "English_translation": "The Legislative Yuan passed the Labor Standards Act amendment on the third reading.",
        "incident_planned": "anticipated",
        "category": "civic",
        "key_event": false,
        "event_code": "2018_01_10_anticipated_civic"
    },
    {
        "datetime": "2018-02-04",
        "original_text": "花蓮晚間發生矩震級6.1的地震。",
        "English_translation": "A magnitude 6.1 earthquake occurred in Hualien in the evening.",
        "incident_planned": "spontaneous",
        "category": "disaster",
        "key_event": false,
        "event_code": "2018_02_04_spontaneous_disaster"
    },
    {
        "datetime": "2018-03-16",
        "original_text": "美國參議院及眾議院兩院通過及美國總統川普簽署生效台灣旅行法。",
        "English_translation": "The U.S. Senate and House of Representatives passed, and President Trump signed into effect, the Taiwan Travel Act.",
        "incident_planned": "anticipated",
        "category": "cross-strait",
        "key_event": false,
        "event_code": "2018_03_16_anticipated_cross-strait"
    },
    {
        "datetime": "2018-04-18",
        "original_text": "李明哲妻李凈瑜赴英國國會作證。",
        "English_translation": "Li Ming-che's wife, Li Jingyu, testified before the British Parliament.",
        "incident_planned": "anticipated",
        "category": "cross-pacific",
        "key_event": false,
        "event_code": "2018_04_18_anticipated_cross-pacific"
    },
    {
        "datetime": "2018-05-01",
        "original_text": "多明尼加政府宣布與中華人民共和國建立大使級外交關係，並與中華民國斷交。",
        "English_translation": "The Dominican Republic announced the establishment of diplomatic relations at the ambassadorial level with the People's Republic of China and broke off relations with the Republic of China.",
        "incident_planned": "spontaneous",
        "category": "cross-strait",
        "key_event": true,
        "event_code": "2018_05_01_spontaneous_cross-strait"
    },
    {
        "datetime": "2018-05-24",
        "original_text": "布吉納法索宣布與中華民國斷交。中華民國邦交國總數剩餘18國。",
        "English_translation": "Burkina Faso announced the severance of diplomatic relations with the Republic of China. The total number of diplomatic allies of the Republic of China decreased to 18.",
        "incident_planned": "spontaneous",
        "category": "cross-strait",
        "key_event": true,
        "event_code": "2018_05_24_spontaneous_cross-strait"
    },
    {
        "datetime": "2018-09-27",
        "original_text": "資深知名歌手費玉清發表聲明，宣佈於2019年巡迴演唱會結束後正式退休，告別46年歌唱生涯。",
        "English_translation": "Veteran singer Fei Yu-ching announced his official retirement after the 2019 tour, bidding farewell to his 46-year singing career.",
        "incident_planned": "spontaneous",
        "category": "entertainment",
        "key_event": false,
        "event_code": "2018_09_27_spontaneous_entertainment"
    },
    {
        "datetime": "2018-11-24",
        "original_text": "執政黨民主進步黨於2018年中華民國直轄市長及縣市長選舉中僅獲6席，而中國國民黨則贏得15席，另有1席由無黨籍候選人奪得。",
        "English_translation": "The ruling Democratic Progressive Party won only 6 seats in the 2018 direct-controlled municipality mayor and county magistrate elections, while the Kuomintang won 15 seats, with another seat won by an independent candidate.",
        "incident_planned": "constructed",
        "category": "election",
        "key_event": true,
        "event_code": "2018_11_24_constructed_election"
    },
    {
        "datetime": "2018-12-25",
        "original_text": "教育部同意由管中閔出任國立臺灣大學校長後，部長葉俊榮向行政院院長賴清德請辭獲准。",
        "English_translation": "After the Ministry of Education agreed to Kuan Chung-ming's appointment as president of National Taiwan University, Minister Yeh Jiunn-rong's resignation was approved by Premier Lai Ching-te.",
        "incident_planned": "constructed",
        "category": "civic",
        "key_event": false,
        "event_code": "2018_12_25_constructed_civic"
    },
    {
        "datetime": "2019-01-06",
        "original_text": "2019年民主進步黨主席補選，填補蔡英文辭職後的主席空缺。",
        "English_translation": "The 2019 Democratic Progressive Party chairperson by-election filled the vacancy left by Tsai Ing-wen's resignation.",
        "incident_planned": "constructed",
        "category": "politic",
        "key_event": false,
        "event_code": "2019_01_06_constructed_politic"
    },
    {
        "datetime": "2019-03-16",
        "original_text": "2019年臺南市立委補選、彰化縣立委補選、新北市立委補選、金門縣立委補選舉行...",
        "English_translation": "The 2019 by-elections for legislators in Tainan City, Changhua County, New Taipei City, and Kinmen County were held...",
        "incident_planned": "constructed",
        "category": "election",
        "key_event": false,
        "event_code": "2019_03_16_constructed_election"
    },
    {
        "datetime": "2019-03-31",
        "original_text": "中華人民共和國中國人民解放軍空軍的2架殲-11戰鬥機越過臺灣海峽中線上空",
        "English_translation": "Two J-11 fighter jets from the People's Liberation Army Air Force of the People's Republic of China crossed the median line of the Taiwan Strait for the first time",
        "incident_planned": "spontaneous",
        "category": "cross-strait",
        "key_event": false,
        "event_code": "2019_03_31_spontaneous_cross-strait"
    },
    {
        "datetime": "2019-05-07",
        "original_text": "美國眾議院於今日傍晚通過「2019年臺灣保證法案」與「重新確認美國對台及對執行台灣關係法承諾」決議案。",
        "English_translation": "The U.S. House of Representatives passed the '2019 Taiwan Assurance Act' and the resolution to 'Reaffirm U.S. Commitment to Taiwan and to the Implementation of the Taiwan Relations Act' this evening.",
        "incident_planned": "anticipated",
        "category": "cross-pacific",
        "key_event": false,
        "event_code": "2019_05_07_anticipated_cross-pacific"
    },
    {
        "datetime": "2019-05-17",
        "original_text": "立法院三讀通過制定《司法院釋字第七四八號解釋施行法》，並自同月24日施行，為亞洲同性婚姻法制化首例。",
        "English_translation": "The Legislative Yuan passed the enactment of the Judicial Yuan Interpretation No. 748 Enforcement Act on the third reading, which was implemented on the 24th of the same month, marking the first instance of same-sex marriage legalization in Asia.",
        "incident_planned": "anticipated",
        "category": "politic",
        "key_event": true,
        "event_code": "2019_05_17_anticipated_politic"
    },
    {
        "datetime": "2019-06-17",
        "original_text": "《公民投票法》部分條文修正案三讀通過，公民投票改為自2021年起每二年舉行一次，投票日則固定於8月第四個週六。",
        "English_translation": "The amendment to certain articles of the Referendum Act was passed on the third reading. Referendums will be held every two years starting from 2021, with the voting day fixed on the fourth Saturday of August.",
        "incident_planned": "anticipated",
        "category": "civic",
        "key_event": false,
        "event_code": "2019_06_17_anticipated_civic"
    },
    {
        "datetime": "2019-07-11",
        "original_text": "總統蔡英文今日展開加勒比海友邦訪問，於中午12時啟程。",
        "English_translation": "President Tsai Ing-wen embarked on a visit to Caribbean diplomatic allies today, starting at 12 noon.",
        "incident_planned": "anticipated",
        "category": "cross-pacific",
        "key_event": false,
        "event_code": "2019_07_11_anticipated_cross-pacific"
    },
    {
        "datetime": "2019-08-15",
        "original_text": "美國總統唐納·川普及國務院批准國防部國防安全合作署總額約80億美元的66架F-16V（Blok70）戰隼戰鬥機對臺灣軍售案...",
        "English_translation": "President Donald Trump and the Department of State approved the Defense Security Cooperation Agency's $8 billion sale of 66 F-16V (Block 70) Falcon fighters to Taiwan...",
        "incident_planned": "anticipated",
        "category": "cross-pacific",
        "key_event": false,
        "event_code": "2019_08_15_anticipated_cross-pacific"
    },
    {
        "datetime": "2019-09-16",
        "original_text": "索羅門群島民主進步執政聯盟（DCGA）召開黨團會議，決定斷絕與中華民國現有的外交關係...",
        "English_translation": "The Democratic Coalition Government for Advancement (DCGA) of the Solomon Islands held a party meeting and decided to sever existing diplomatic relations with the Republic of China...",
        "incident_planned": "spontaneous",
        "category": "cross-pacific",
        "key_event": true,
        "event_code": "2019_09_16_spontaneous_cross-pacific"
    },
    {
        "datetime": "2019-10-01",
        "original_text": "宜蘭南方澳跨海大橋約上午九點三十分發生橋斷裂事件。",
        "English_translation": "The Nanfang'ao Bridge in Yilan experienced a bridge collapse incident around 9:30 am.",
        "incident_planned": "spontaneous",
        "category": "disaster",
        "key_event": true,
        "event_code": "2019_10_01_spontaneous_disaster"
    },
    {
        "datetime": "2019-11-13",
        "original_text": "宋楚瑜宣布參選2020年總統大選。",
        "English_translation": "Song Chu-yu announced his candidacy for the 2020 presidential election.",
        "incident_planned": "anticipated",
        "category": "politic",
        "key_event": false,
        "event_code": "2019_11_13_anticipated_politic"
    },
    {
        "datetime": "2019-12-16",
        "original_text": "網紅波特王在合拍片中稱蔡英文「總統」，遭中國合作方要求下架影片、解約及片面更改微博的登入密碼。",
        "English_translation": "Internet celebrity Potter King referred to Tsai Ing-wen as 'President' in a collaborative video, leading to demands from Chinese partners to take down the video, terminate the contract, and unilaterally change the Weibo login password.",
        "incident_planned": "spontaneous",
        "category": "cross-strait",
        "key_event": false,
        "event_code": "2019_12_16_spontaneous_cross-strait"
    },
    {
        "datetime": "2019-12-26",
        "original_text": "Wecare高雄、公民割草行動和台灣基進等公民團體之代表赴中央選舉委員會，送交罷免高雄市市長第一階段提議書。",
        "English_translation": "Representatives from Wecare Kaohsiung, the Citizen Mowing Action, and the Taiwan Radical Wings submitted the first-stage proposal for the recall of the Kaohsiung Mayor to the Central Election Commission.",
        "incident_planned": "constructed",
        "category": "politic",
        "key_event": false,
        "event_code": "2019_12_26_constructed_politic"
    },
    {
        "datetime": "2019-12-31",
        "original_text": "立法院三讀通過《反滲透法》，涉案人員最重可處5年刑期、得併科新臺幣1,000萬元罰金。",
        "English_translation": "The Legislative Yuan passed the Anti-Infiltration Act on the third reading, with the maximum penalty for violators being a five-year sentence and a fine of up to NT$10 million.",
        "incident_planned": "constructed",
        "category": "civic",
        "key_event": false,
        "event_code": "2019_12_31_constructed_civic"
    },
    {
        "datetime": "2020-01-02",
        "original_text": "空軍一架UH-60黑鷹直升機於新北市烏來區山區墜毀，機上13人中，包含參謀總長沈一鳴、國防部政治作戰局副局長于親文、情報參謀次長室助理次長洪鴻鈞在內8人罹難，另5人受傷。",
        "English_translation": "An Air Force UH-60 Black Hawk helicopter crashed in the mountains of Wulai District, New Taipei City, killing 8 of the 13 people on board, including Chief of the General Staff Shen Yi-ming, Deputy Director of the Political Warfare Bureau Yu Chin-wen, and Assistant Deputy Chief of the Intelligence Staff Hong Hong-jun, with another 5 injured.",
        "incident_planned": "spontaneous",
        "category": "disaster",
        "key_event": false,
        "event_code": "2020_01_02_spontaneous_disaster"
    },
    {
        "datetime": "2020-01-11",
        "original_text": "民主進步黨推薦之蔡英文以8,170,231票、57.13%之得票率於總統選舉勝選成功連任，並創下自總統直選以來得票數最高紀錄。",
        "English_translation": "Tsai Ing-wen, endorsed by the Democratic Progressive Party, was re-elected in the presidential election with 8,170,231 votes, a 57.13% vote share, setting the record for the highest number of votes since the direct election of the president.",
        "incident_planned": "constructed",
        "category": "election",
        "key_event": true,
        "event_code": "2020_01_11_constructed_election"
    },
    {
        "datetime": "2020-01-20",
        "original_text": "衛生福利部疾病管制署成立三級中央流行疫情指揮中心，以因應2019冠狀病毒病疫情（新型冠狀病毒）擴大疑慮。",
        "English_translation": "The Ministry of Health and Welfare's Centers for Disease Control established a Level 3 Central Epidemic Command Center in response to the expanding concerns over the COVID-19 epidemic (novel coronavirus).",
        "incident_planned": "anticipated",
        "category": "covid",
        "key_event": false,
        "event_code": "2020_01_20_anticipated_covid"
    },
    {
        "datetime": "2020-01-21",
        "original_text": "臺灣出現首例境外移入COVID-19確診個案。",
        "English_translation": "Taiwan reported its first case of COVID-19 imported from abroad.",
        "incident_planned": "spontaneous",
        "category": "covid",
        "key_event": false,
        "event_code": "2020_01_21_spontaneous_covid"
    },
    {
        "datetime": "2020-01-28",
        "original_text": "台灣首起COVID-19「本土病例」出現！中央流行疫情指揮中心晚間緊急召開記者會宣布，確診第8例COVID-19病例、也是國內第一起本土病例，患者是家住中部的50歲男性，也是第5例境外移入病例個案的同住家人。",
        "English_translation": "Taiwan's first local COVID-19 case emerged! The Central Epidemic Command Center announced in an emergency press conference in the evening that the 8th confirmed case of COVID-19, also the first domestic case, was a 50-year-old man living in central Taiwan, who was a family member of the 5th case imported from abroad.",
        "incident_planned": "spontaneous",
        "category": "covid",
        "key_event": false,
        "event_code": "2020_01_28_spontaneous_covid"
    },
    {
        "datetime": "2020-01-31",
        "original_text": "中華民國經濟部決定動用第二預備金新台幣2億元採購口罩製造設備。預計4周後將台灣的口罩生產量提升到每天1000萬副。",
        "English_translation": "The Ministry of Economic Affairs of the Republic of China decided to use the second reserve fund of NT$200 million to purchase mask manufacturing equipment, aiming to increase Taiwan's daily mask production to 10 million units within 4 weeks.",
        "incident_planned": "anticipated",
        "category": "covid",
        "key_event": false,
        "event_code": "2020_01_31_anticipated_covid"
    },
    {
        "datetime": "2020-02-02",
        "original_text": "準副總統賴清德晚間出發前往美國，出席今年度在美國首都華盛頓特區舉辦的「國家祈禱早餐會」；被視為是中華民國與美國斷交後，造訪華府的最高層級官員。",
        "English_translation": "Vice President-elect Lai Ching-te departed in the evening for the United States to attend this year's National Prayer Breakfast in Washington D.C., marking the highest-level visit to Washington by an official from the Republic of China since the diplomatic break.",
        "incident_planned": "spontaneous",
        "category": "cross-pacific",
        "key_event": false,
        "event_code": "2020_02_02_spontaneous_cross-pacific"
    },
    {
        "datetime": "2020-02-06",
        "original_text": "中央流行疫情指揮中心為紓解各地超商口罩搶購亂象，民眾即日起可持健保卡至藥局購買，每人7天內限購2片。",
        "English_translation": "The Central Epidemic Command Center announced that, to alleviate the chaos of mask purchases at convenience stores, citizens can purchase masks at pharmacies with their health insurance cards, limited to 2 masks per person every 7 days.",
        "incident_planned": "spontaneous",
        "category": "covid",
        "key_event": false,
        "event_code": "2020_02_06_spontaneous_covid"
    },
    {
        "datetime": "2020-02-06",
        "original_text": "為防堵肺炎疫情擴大，暫緩中國籍旅客入境；國人自中、港、澳返臺須自主隔離檢疫14天，失聯及違反防疫規定者，內政部與法務部將依《傳染病防治法》、《社會秩序維護法》及《刑法》法辦。",
        "English_translation": "To prevent the spread of pneumonia epidemic, entry of Chinese nationals was temporarily suspended; Taiwanese returning from China, Hong Kong, and Macau must undergo a 14-day self-quarantine. Those who lose contact or violate quarantine regulations will be prosecuted under the Communicable Disease Control Act, the Social Order Maintenance Act, and the Criminal Code.",
        "incident_planned": "anticipated",
        "category": "covid",
        "key_event": false,
        "event_code": "2020_02_06_anticipated_covid"
    },
    {
        "datetime": "2020-02-08",
        "original_text": "美國國務卿麥克·蓬佩奧表示，中華人民共和國以商逼政，迫使密西西比州州長取消訪臺規劃，另要求美國各州州長勿祝賀蔡英文當選連任，並施壓芝加哥一所高中的校長，讓臺灣代表無法出席該校舉辦的氣候研討會。",
        "English_translation": "U.S. Secretary of State Mike Pompeo stated that the People's Republic of China used commercial pressure to force the Governor of Mississippi to cancel plans to visit Taiwan, requested U.S. governors not to congratulate Tsai Ing-wen on her re-election, and pressured a high school principal in Chicago to prevent a Taiwanese representative from attending a climate seminar hosted by the school.",
        "incident_planned": "spontaneous",
        "category": "cross-pacific",
        "key_event": false,
        "event_code": "2020_02_08_spontaneous_cross-pacific"
    },
    {
        "datetime": "2020-02-12",
        "original_text": "公民割草行動、Wecare高雄和台灣基進等公民團體之罷免高雄市市長第二階段連署已達法定門檻。",
        "English_translation": "The second phase of the petition by Citizen Mowing Action, Wecare Kaohsiung, and Taiwan Radical Wings for the recall of the Kaohsiung City Mayor reached the legal threshold.",
        "incident_planned": "anticipated",
        "category": "politic",
        "key_event": false,
        "event_code": "2020_02_12_anticipated_politic"
    },
    {
        "datetime": "2020-03-17",
        "original_text": "中央流行疫情指揮中心宣布新增10名嚴重特殊傳染性肺炎確診案例，為疫情爆發以來單日新高；同時升級日本、新加坡、泰國等20國及美國華盛頓州、加利福尼亞州、紐約州之國際旅遊疫情警示至第三級，自前述國家地區返國須居家檢疫14天。",
        "English_translation": "The Central Epidemic Command Center announced 10 new cases of severe special infectious pneumonia, marking a new high for the most cases in a single day since the outbreak began; simultaneously, the international travel epidemic alert for 20 countries including Japan, Singapore, Thailand, and the U.S. states of Washington, California, and New York was raised to Level 3, requiring home quarantine for 14 days for those returning from these areas.",
        "incident_planned": "spontaneous",
        "category": "covid",
        "key_event": false,
        "event_code": "2020_03_17_spontaneous_covid"
    },
    {
        "datetime": "2020-03-19",
        "original_text": "中央流行疫情指揮中心宣布，自臺灣標準時間19日零時起，限制所有非本國籍人士入境，事前申請核准者才予放行。所有入境者入境後都需進行居家檢疫14天。",
        "English_translation": "The Central Epidemic Command Center announced that, starting from midnight on the 19th Taiwan Standard Time, entry will be restricted to all non-nationals, with exceptions only for those who have received prior approval. All individuals entering will be required to undergo a 14-day home quarantine.",
        "incident_planned": "spontaneous",
        "category": "covid",
        "key_event": false,
        "event_code": "2020_03_19_spontaneous_covid"
    },
    {
        "datetime": "2020-06-06",
        "original_text": "2020年高雄市市長韓國瑜罷免案投票，台灣史上首次直轄市長罷免案與首位直轄市長成功罷免。開票後，高雄市議會議長許崑源傳出在住家墜樓身亡。",
        "English_translation": "The 2020 Kaohsiung City Mayor Han Kuo-yu recall vote took place, marking the first time in Taiwan's history that a direct-controlled municipality mayor was successfully recalled. After the vote count, Kaohsiung City Council Speaker Hsu Kun-yuan was reported to have died from a fall at his home.",
        "incident_planned": "constructed",
        "category": "election",
        "key_event": false,
        "event_code": "2020_06_06_constructed_election"
    },
    {
        "datetime": "2020-06-16",
        "original_text": "世界動物衛生組織（OIE）同日晚於官網發布新聞稿，宣告代表大會通過最後決議，正式改列臺灣為「口蹄疫非疫區且不施打疫苗」。台灣正式從「口蹄疫區」除名，貿易局已透過外交使館掌握世界各主要國家進口規定，同時與農委會合作擬訂拓銷策略，促讓豬肉出口管道恢復。",
        "English_translation": "The World Organisation for Animal Health (OIE) announced in a press release that the assembly passed the final resolution officially reclassifying Taiwan as a 'Foot-and-Mouth Disease (FMD) free zone without vaccination'. Taiwan was officially removed from the 'FMD area', and the Trade Bureau, through diplomatic channels, has grasped the import regulations of major countries worldwide, working with the Council of Agriculture to formulate marketing strategies to restore pork export channels.",
        "incident_planned": "anticipated",
        "category": "civic",
        "key_event": false,
        "event_code": "2020_06_16_anticipated_civic"
    },
    {
        "datetime": "2020-06-29",
        "original_text": "微軟同日公布2019年度亞太地區端點安全防護威脅報告，其中關於臺灣遭受惡意程式攻擊發生率，高於全球平均值的1.2倍。而遭受勒索軟體攻擊發生率，則高於亞太地區平均值的2.5倍、亦高於全球平均值的1.5倍。",
        "English_translation": "Microsoft released the 2019 Asia-Pacific Endpoint Security Threat Report, indicating that the rate of malicious software attacks in Taiwan was 1.2 times higher than the global average. The rate of ransomware attacks was 2.5 times higher than the Asia-Pacific average and 1.5 times higher than the global average.",
        "incident_planned": "spontaneous",
        "category": "politic",
        "key_event": false,
        "event_code": "2020_06_29_spontaneous_politic"
    },
    {
        "datetime": "2020-07-01",
        "original_text": "台灣大哥大宣布在0點正式開通台灣 5G服務，由台灣大哥大董事長蔡明忠表示，在台灣走過 23 個年頭的台灣大哥大，正式進入5G元年的時代。",
        "English_translation": "Taiwan Mobile announced the official launch of 5G services in Taiwan at midnight. Taiwan Mobile's Chairman, Daniel Tsai, stated that after 23 years in Taiwan, Taiwan Mobile is officially entering the era of 5G.",
        "incident_planned": "constructed",
        "category": "technology",
        "key_event": false,
        "event_code": "2020_07_01_constructed_technology"
    },
    {
        "datetime": "2020-07-30",
        "original_text": "前總統李登輝因敗血性休克及多重器官衰竭，以97歲（虛歲98歲）高齡病逝於臺北榮民總醫院。",
        "English_translation": "Former President Lee Teng-hui passed away due to septic shock and multiple organ failure at the age of 97 (98 by East Asian age reckoning) at the Taipei Veterans General Hospital.",
        "incident_planned": "anticipated",
        "category": "politic",
        "key_event": false,
        "event_code": "2020_07_30_anticipated_politic"
    },
    {
        "datetime": "2020-08-09",
        "original_text": "美國衛生及公共服務部部長亚历克斯·阿扎訪問臺灣，就美國總統繼任順序而言，為1979年臺美斷交以來訪臺層級最高的美國內閣官員。",
        "English_translation": "U.S. Health and Human Services Secretary Alex Azar visited Taiwan, marking the highest-level visit by a U.S. Cabinet official to Taiwan since the severance of diplomatic ties in 1979.",
        "incident_planned": "anticipated",
        "category": "cross-pacific",
        "key_event": true,
        "event_code": "2020_08_09_anticipated_cross-pacific"
    },
    {
        "datetime": "2020-08-15",
        "original_text": "2020年高雄市市長補選投票，最後由民主進步黨的陳其邁當選。",
        "English_translation": "The 2020 Kaohsiung City mayoral by-election took place, with Chen Chi-mai of the Democratic Progressive Party being elected.",
        "incident_planned": "constructed",
        "category": "election",
        "key_event": false,
        "event_code": "2020_08_15_constructed_election"
    },
    {
        "datetime": "2020-08-28",
        "original_text": "總統蔡英文宣布將於2021年起開放30月齡以上美國牛肉及含萊克多巴胺之美國豬肉進口。",
        "English_translation": "President Tsai Ing-wen announced that the import of U.S. beef over 30 months old and pork containing ractopamine would be allowed starting from 2021.",
        "incident_planned": "anticipated",
        "category": "civic",
        "key_event": true,
        "event_code": "2020_08_28_anticipated_civic"
    },
    {
        "datetime": "2020-08-30",
        "original_text": "捷克參議院議長維特齊（Miloš Vystrčil）今日率團抵臺。訪團成員除了參議院領袖和資深參議員，還有布拉格市長賀瑞普（Zdeněk Hřib）、捷克科學院副院長、大學校長、布拉格愛樂樂團總監等學界和文化界人士以及企業領袖和媒體代表。",
        "English_translation": "Czech Senate President Miloš Vystrčil led a delegation to Taiwan today. The delegation included Senate leaders, senior senators, Prague Mayor Zdeněk Hřib, the Vice President of the Czech Academy of Sciences, university presidents, the director of the Prague Philharmonic Orchestra, and representatives from academia, culture, business, and the media.",
        "incident_planned": "anticipated",
        "category": "international relations",
        "key_event": false,
        "event_code": "2020_08_30_anticipated_international relations"
    },
    {
        "datetime": "2020-09-02",
        "original_text": "外交部正式公佈台湾最新護照樣式，主要亮點是凸顯台灣、英文名調整呈現方式，將英文字「TAIWAN放大、ROC縮小」。",
        "English_translation": "The Ministry of Foreign Affairs officially unveiled the new Taiwanese passport design, highlighting 'TAIWAN' with an enlarged font and reducing the font size of 'ROC'.",
        "incident_planned": "anticipated",
        "category": "civic",
        "key_event": false,
        "event_code": "2020_09_02_anticipated_civic"
    },
    {
        "datetime": "2020-09-17",
        "original_text": "美國國務院次卿柯拉克（Keith Krach）於傍晚飛抵臺北松山機場，成為1979年美國與中華民國斷交以來，訪臺層級最高的現任國務院官員。",
        "English_translation": "U.S. Under Secretary of State Keith Krach arrived at Taipei Songshan Airport in the evening, becoming the highest-ranking State Department official to visit Taiwan since the United States severed diplomatic ties with the Republic of China in 1979.",
        "incident_planned": "spontaneous",
        "category": "cross-pacific",
        "key_event": false,
        "event_code": "2020_09_17_spontaneous_cross-pacific"
    },
    {
        "datetime": "2020-10-28",
        "original_text": "發生長榮大學外籍生命案，本案震驚台灣、馬來西亞兩地，總統蔡英文向家屬、馬來西亞國家與人民表達至深歉意。",
        "English_translation": "The murder of a foreign student at Chang Gung University shocked both Taiwan and Malaysia. President Tsai Ing-wen expressed her deepest apologies to the family, the nation, and the people of Malaysia.",
        "incident_planned": "spontaneous",
        "category": "disaster",
        "key_event": false,
        "event_code": "2020_10_28_spontaneous_disaster"
    },
    {
        "datetime": "2020-11-10",
        "original_text": "總統蔡英文宣布台積電創辦人張忠謀出任第28屆馬來西亞APEC峰會（線上），這是他第四度擔任領袖代表。",
        "English_translation": "President Tsai Ing-wen announced that Morris Chang, founder of TSMC, would serve as the representative at the 28th Malaysia APEC Summit (online), marking his fourth time as a leader representative.",
        "incident_planned": "anticipated",
        "category": "international relations",
        "key_event": false,
        "event_code": "2020_11_10_anticipated_international_relations"
    },
    {
        "datetime": "2020-11-14",
        "original_text": "駐美國大使蕭美琴代表中華民國政府致電拜登首席外交政策顧問布林肯，恭賀美國總統當選人拜登與副總統當選人賀錦麗，期待臺灣與美國持續深化雙邊的合作關係。",
        "English_translation": "Taiwan's Ambassador to the United States, Hsiao Bi-khim, on behalf of the Government of the Republic of China, called Biden's chief foreign policy advisor Blinken to congratulate President-elect Biden and Vice President-elect Harris, expressing hopes for continued deepening of bilateral relations between Taiwan and the United States.",
        "incident_planned": "anticipated",
        "category": "highlight",
        "key_event": false,
        "event_code": "2020_11_14_anticipated_highlight"
    },
    {
        "datetime": "2020-11-22",
        "original_text": "勞工秋鬥大遊行以「反毒豬、反雙標、反黨國」為主題上街頭，達3萬多人成為歷史新高。",
        "English_translation": "The Autumn Struggle labor march took to the streets with themes of 'Against Ractopamine Pork, Double Standards, and Party-State', reaching over 30,000 participants, a new historical high.",
        "incident_planned": "anticipated",
        "category": "civic",
        "key_event": false,
        "event_code": "2020_11_22_anticipated_civic"
    },
    {
        "datetime": "2020-12-12",
        "original_text": "凌晨零時起，因中天新聞台不予換照事件，中天新聞台於有線電視台停播，轉往YouTube上直播經營。",
        "English_translation": "Starting from midnight, due to the CTi News channel's license renewal being denied, CTi News ceased broadcasting on cable TV and moved its operations to live streaming on YouTube.",
        "incident_planned": "anticipated",
        "category": "civic",
        "key_event": false,
        "event_code": "2020_12_12_anticipated_civic"
    },
    {
        "datetime": "2020-12-21",
        "original_text": "美國參議院、眾議院通過《臺灣保證法》，美臺軍售步入常態化，除增強臺灣不對稱作戰自我防衛能力，也支持臺灣有意義參與國際組織，同時建議國務院檢討對臺交往準則、及報告《臺灣旅行法》執行情況等。",
        "English_translation": "The U.S. Senate and House of Representatives passed the 'Taiwan Assurance Act', normalizing U.S.-Taiwan arms sales, enhancing Taiwan's asymmetric warfare and self-defense capabilities, supporting Taiwan's meaningful participation in international organizations, and recommending the State Department to review guidelines for engagement with Taiwan and report on the implementation of the 'Taiwan Travel Act'.",
        "incident_planned": "anticipated",
        "category": "cross-pacific",
        "key_event": false,
        "event_code": "2020_12_21_anticipated_cross-pacific"
    },
    {
        "datetime": "2020-12-24",
        "original_text": "立法院院會表決通過進口含萊克多巴胺美豬、30月齡以上美牛的9項行政命令與附帶決議，以及相關條文修正草案，2021年1月1日起施行。",
        "English_translation": "The Legislative Yuan passed nine administrative orders and accompanying resolutions, as well as related amendment drafts, allowing the import of ractopamine-containing American pork and American beef over 30 months old, effective from January 1, 2021.",
        "incident_planned": "anticipated",
        "category": "civic",
        "key_event": false,
        "event_code": "2020_12_24_anticipated_civic"
    },
    {
        "datetime": "2020-12-25",
        "original_text": "立法院三讀通過民法修正案，法定成人年齡將由現行20歲下修為18歲，2023年1月1日生效",
        "English_translation": "The Legislative Yuan passed the third reading of the Civil Code amendment, lowering the legal age of adulthood from 20 to 18, effective January 1, 2023.",
        "incident_planned": "anticipated",
        "category": "civic",
        "key_event": false,
        "event_code": "2020_12_25_anticipated_civic"
    },
    {
        "datetime": "2020-12-30",
        "original_text": "中華民國衛福部食藥署有條件核准「高端COVID-19疫苗 『MVC-COV1901』」之第二期臨床試驗計畫",
        "English_translation": "The Taiwan Food and Drug Administration of the Ministry of Health and Welfare conditionally approved the phase II clinical trial plan for the 'MVC-COV1901' COVID-19 vaccine.",
        "incident_planned": "anticipated",
        "category": "covid",
        "key_event": false,
        "event_code": "2020_12_30_anticipated_covid"
    },
    {
        "datetime": "2021-01-07",
        "original_text": "美國國務卿邁克·蓬佩奧宣布，美國駐聯合國大使凱莉·克拉夫特將於13日至15日訪問臺灣。",
        "English_translation": "U.S. Secretary of State Mike Pompeo announced that Kelly Craft, the U.S. Ambassador to the United Nations, would visit Taiwan from January 13 to 15.",
        "incident_planned": "anticipated",
        "category": "cross-pacific",
        "key_event": false,
        "event_code": "2021_01_07_anticipated_cross-pacific"
    },
    {
        "datetime": "2021-01-10",
        "original_text": "美國國務院宣布解除對臺灣所有交往限制，美國聯邦行政部門與中華民國政府官方互動不再受禁令制約。",
        "English_translation": "The U.S. State Department announced the lifting of all restrictions on engagements with Taiwan, allowing official interactions between U.S. federal agencies and the government of the Republic of China without prohibitions.",
        "incident_planned": "spontaneous",
        "category": "cross-pacific",
        "key_event": false,
        "event_code": "2021_01_10_spontaneous_cross-pacific"
    },
    {
        "datetime": "2021-01-13",
        "original_text": "美國總統當選人拜登20日將就任總統，美國國務院發言人歐塔加斯（Morgan Ortagus）12日聲明表示，鑑於接下來8天內要完成平穩有序的交接，取消本周所有出訪計畫。美國駐聯合國大使克拉夫特（Kelly Craft）預定在台灣時間13日訪問台灣，也被取消。",
        "English_translation": "President-elect Biden is set to assume office on January 20. State Department spokesperson Morgan Ortagus announced the cancellation of all planned overseas trips for the week, including Ambassador Kelly Craft's scheduled visit to Taiwan on January 13, to ensure a smooth and orderly transition within the next eight days.",
        "incident_planned": "spontaneous",
        "category": "cross-pacific",
        "key_event": false,
        "event_code": "2021_01_13_spontaneous_cross-pacific"
    },
    {
        "datetime": "2021-03-17",
        "original_text": "日本迴轉壽司連鎖店壽司郎的宣傳活動演變成「鮭魚之亂」。",
        "English_translation": "A promotional event by the Japanese conveyor belt sushi chain Sushiro evolved into the 'Salmon Chaos'.",
        "incident_planned": "spontaneous",
        "category": "social",
        "key_event": false,
        "event_code": "2021_03_17_spontaneous_social"
    },
    {
        "datetime": "2021-04-02",
        "original_text": "2021年太魯閣號列車出軌事故，49人死亡、245人受傷。",
        "English_translation": "The 2021 Taroko Express train derailment resulted in 49 deaths and 245 injuries.",
        "incident_planned": "spontaneous",
        "category": "disaster",
        "key_event": true,
        "event_code": "2021_04_02_spontaneous_disaster"
    },
    {
        "datetime": "2021-04-14",
        "original_text": "旱象嚴重，導致水庫蓄水率持續下探，在日月潭大竹湖進水口，更變成一片青青大草原，本來沉到水中的方舟重見天日，枯木勾著漁網就像裝置藝術，吸引大批遊客前來取景。另外大台中限水，實施供五停二，台中有百貨公司或飯店用水需求大，直接向水公司買水，外聘水車到不缺水的南投取水，也讓南投自來水公司外，總能看見，水車大排長龍，等著取水。",
        "English_translation": "Severe drought conditions led to continuously decreasing reservoir levels, transforming the water intake area of Dazhu Lake in Sun Moon Lake into a vast green meadow, with previously submerged arks and dead trees entangled in fishing nets resembling installation art, attracting crowds of tourists. Additionally, water rationing was implemented in Greater Taichung, with a schedule of five days on and two days off. High water demand from department stores and hotels in Taichung led to direct purchases from water companies and the hiring of water trucks to fetch water from Nantou, where water was more plentiful, resulting in long queues of water trucks waiting to collect water.",
        "incident_planned": "anticipated",
        "category": "civic",
        "key_event": false,
        "event_code": "2021_04_14_anticipated_civic"
    },
    {
        "datetime": "2021-04-15",
        "original_text": "蔡英文總統在台北接見到訪的美國跨黨派代表團，這是拜登出任美國總統後首次訪台的美國高層代表團。此次代表團訪台是應拜登總統請求進行，亦是拜登對台灣及其民主承諾的信號。蔡英文向美方代表團表示中國頻繁派遣軍艦在台灣周邊海空域進行軍事活動，威脅區域的和平穩定。",
        "English_translation": "President Tsai Ing-wen met with a visiting bipartisan delegation from the United States in Taipei, marking the first visit by a high-level U.S. delegation to Taiwan since Biden took office as President. The visit was conducted at President Biden's request and signaled Biden's commitment to Taiwan and its democracy. President Tsai expressed to the U.S. delegation concerns over China's frequent deployment of military vessels in the waters and airspace around Taiwan, threatening regional peace and stability.",
        "incident_planned": "anticipated",
        "category": "cross-pacific",
        "key_event": false,
        "event_code": "2021_04_15_anticipated_cross-pacific"
    },
    {
        "datetime": "2021-05-11",
        "original_text": "中央流行疫情指揮中心今日表示，因應國內出現感染源不明之本土病例致社區感染風險增加，為防範發生持續社區傳播，自即日起至6月8日共4週，提升疫情警戒至第二級。",
        "English_translation": "The Central Epidemic Command Center announced today that due to the increase in community infection risks from domestically transmitted cases with unknown sources, to prevent ongoing community transmission, the epidemic alert level would be raised to Level 2 from today until June 8 for a total of four weeks.",
        "incident_planned": "spontaneous",
        "category": "covid",
        "key_event": false,
        "event_code": "2021_05_11_spontaneous_covid"
    },
    {
        "datetime": "2021-05-15",
        "original_text": "萬華茶藝館群聚案成為國內防疫最大破口，台灣疫情一夕失控，昨天暴增180例本土個案。",
        "English_translation": "The cluster of cases at a tea house in Wanhua became the largest breach in the nation's epidemic prevention efforts, with Taiwan's outbreak spiraling out of control overnight, leading to a surge of 180 local cases yesterday.",
        "incident_planned": "spontaneous",
        "category": "covid",
        "key_event": false,
        "event_code": "2021_05_15_spontaneous_covid"
    },    
    {
        "datetime": "2021-05-19",
        "original_text": "本土病例新增267例，因應連五天本土病例破百，中央流行疫情指揮中心宣布全國的疫情警戒提升至第三級。",
        "English_translation": "With 267 new local cases and a five-day streak of over a hundred daily local cases, the Central Epidemic Command Center announced the elevation of the national epidemic alert to Level 3.",
        "incident_planned": "spontaneous",
        "category": "highlight",
        "key_event": false,
        "event_code": "2021_05_19_spontaneous_highlight"
    },
    {
        "datetime": "2021-06-10",
        "original_text": "完成第二期臨床試驗期間分析解盲",
        "English_translation": "Completion of the phase II clinical trial period analysis and unblinding.",
        "incident_planned": "anticipated",
        "category": "covid",
        "key_event": false,
        "event_code": "2021_06_10_anticipated_covid"
    },
    {
        "datetime": "2021-07-19",
        "original_text": "衛福部核准高端MVC-COV1901疫苗專案",
        "English_translation": "The Ministry of Health and Welfare approved the Medigen Vaccine Biologics Corporation MVC-COV1901 vaccine project.",
        "incident_planned": "anticipated",
        "category": "covid",
        "key_event": false,
        "event_code": "2021_07_19_anticipated_covid"
    },
    {
        "datetime": "2021-07-23",
        "original_text": "中央流行疫情指揮中心宣布，7月27日至8月9日全國的疫情警戒從第三級降為第二級。",
        "English_translation": "The Central Epidemic Command Center announced that the national epidemic alert level would be lowered from Level 3 to Level 2 from July 27 to August 9.",
        "incident_planned": "spontaneous",
        "category": "covid",
        "key_event": false,
        "event_code": "2021_07_23_spontaneous_covid"
    },
    {
        "datetime": "2021-12-18",
        "original_text": "2021年中華民國全國性公民投票進行投票，投票結果為4個均不通過；2021年新竹市廢污水回收公民投票進行投票，投票結果為通過。",
        "English_translation": "The 2021 Republic of China national referendum took place, with all four questions failing to pass; the 2021 Hsinchu City wastewater recycling referendum took place, with the proposal passing.",
        "incident_planned": "constructed",
        "category": "referendum",
        "key_event": true,
        "event_code": "2021_12_18_constructed_election"
    },
    {
        "datetime": "2022-01-09",
        "original_text": "臺中市第二選舉區立法委員缺額補選投開票，由民主進步黨林靜儀當選。",
        "English_translation": "The by-election for the Legislative Yuan in Taichung's 2nd electoral district was held, with Lin Ching-yi of the Democratic Progressive Party being elected.",
        "incident_planned": "constructed",
        "category": "election",
        "key_event": false,
        "event_code": "2022_01_09_constructed_election"
    },
    {
        "datetime": "2022-02-24",
        "original_text": "在經歷一段時間的軍事危機後，俄羅斯在當天對烏克蘭發動全面入侵。",
        "English_translation": "After a period of military tension, Russia launched a full-scale invasion of Ukraine on this day.",
        "incident_planned": "spontaneous",
        "category": "highlight",
        "key_event": false,
        "event_code": "2022_02_24_spontaneous_highlight"
    },
    {
        "datetime": "2022-03-03",
        "original_text": "高雄市興達發電廠因現場開關設備故障，導致龍崎超高壓變電所南機組跳脫造成三三全臺大停電事件。",
        "English_translation": "A fault in the switchgear at the Hsinta Power Plant in Kaohsiung caused a trip in the southern unit of the Lungchi Extra High Voltage Substation, leading to a major blackout across Taiwan.",
        "incident_planned": "spontaneous",
        "category": "civic",
        "key_event": false,
        "event_code": "2022_03_03_spontaneous_civic"
    },
    {
        "datetime": "2022-04-20",
        "original_text": "華視在晨間和早上9點多播報新聞時，畫面下方跑馬燈分別出現「新北市遭共軍導彈擊中等戰爭與防災」等誤植資訊和無意義測試用文字。華視表示馬上更正和道歉，並懲處8名工作人員。",
        "English_translation": "During its morning and early 9 AM news broadcasts, CTV displayed erroneous ticker messages suggesting a military attack, including 'New Taipei City hit by a missile from the People's Liberation Army' among other war and disaster-related false information. CTV immediately corrected the mistake, issued an apology, and disciplined 8 staff members.",
        "incident_planned": "spontaneous",
        "category": "misinformation",
        "key_event": false,
        "event_code": "2022_04_20_spontaneous_misinformation"
    },
    {
        "datetime": "2022-04-25",
        "original_text": "中央流行疫情指揮中心宣布，與縣市、專家開會討論後拍板，4月26日起執行「3+4」隔離新制。",
        "English_translation": "The Central Epidemic Command Center announced that, after discussions with municipalities and experts, a new '3+4' quarantine policy would be implemented starting April 26.",
        "incident_planned": "spontaneous",
        "category": "covid",
        "key_event": false,
        "event_code": "2022_04_25_spontaneous_covid"
    },
    {
        "datetime": "2022-07-02",
        "original_text": "舉行第33屆金曲獎頒獎典禮。",
        "English_translation": "The 33rd Golden Melody Awards ceremony was held.",
        "incident_planned": "constructed",
        "category": "entertainment",
        "key_event": false,
        "event_code": "2022_07_02_constructed_entertainment"
    },
    {
        "datetime": "2022-08-02",
        "original_text": "美國眾議院議長南西·裴洛西出訪亞洲途中到訪台灣，並與蔡英文總統等領導人會晤。",
        "English_translation": "U.S. Speaker of the House Nancy Pelosi visited Taiwan during her trip to Asia, meeting with President Tsai Ing-wen and other leaders.",
        "incident_planned": "anticipated",
        "category": "highlight",
        "key_event": true,
        "event_code": "2022_08_02_anticipated_highlight"
    },
    {
        "datetime": "2022-11-26",
        "original_text": "舉行2022年中華民國地方公職人員選舉。",
        "English_translation": "The 2022 Republic of China local public office elections were held.",
        "incident_planned": "constructed",
        "category": "election",
        "key_event": true,
        "event_code": "2022_11_26_constructed_election"
    },
    {
        "datetime": "2022-12-27",
        "original_text": "政府宣布「強化全民國防兵力結構調整方案」義務役期由4個月恢復為1年。",
        "English_translation": "The government announced the 'Enhanced National Defense Force Structure Adjustment Plan', restoring the mandatory military service period from 4 months to 1 year.",
        "incident_planned": "anticipated",
        "category": "civic",
        "key_event": false,
        "event_code": "2022_12_27_anticipated_civic"
    },
    {
        "datetime": "2023-01-08",
        "original_text": "2023年臺北市第三選舉區立法委員缺額補選進行投票，由中國國民黨王鴻薇當選。",
        "English_translation": "The 2023 by-election for the Legislative Yuan in Taipei's 3rd electoral district took place, with Wang Hong-wei of the Kuomintang being elected.",
        "incident_planned": "constructed",
        "category": "election",
        "key_event": false,
        "event_code": "2023_01_08_constructed_election"
    },
    {
        "datetime": "2023-01-15",
        "original_text": "中華民國副總統賴清德在民主進步黨主席的同額競選中勝出，成功當選新任主席。",
        "English_translation": "The Vice President of the Republic of China, Lai Ching-te, won the Democratic Progressive Party's chairperson election, becoming the new chairperson.",
        "incident_planned": "constructed",
        "category": "politic",
        "key_event": false,
        "event_code": "2023_01_15_constructed_politic"
    },
    {
        "datetime": "2023-01-31",
        "original_text": "行政院院長蘇貞昌率內閣成員辭職，結束長達4年的院長工作。",
        "English_translation": "Premier Su Tseng-chang and his cabinet members resigned, concluding his 4-year tenure as Premier.",
        "incident_planned": "anticipated",
        "category": "politic",
        "key_event": false,
        "event_code": "2023_01_31_anticipated_politic"
    },
    {
        "datetime": "2023-02-01",
        "original_text": "台灣出現雞蛋荒。行政院院長陳建仁承諾缺蛋問題可望於3月初緩解。",
        "English_translation": "Taiwan experienced an egg shortage. Premier Chen Chien-jen promised that the egg shortage is expected to ease in early March.",
        "incident_planned": "spontaneous",
        "category": "civic",
        "key_event": false,
        "event_code": "2023_02_01_spontaneous_civic"
    },
    {
        "datetime": "2023-03-04",
        "original_text": "2023年南投縣第二選舉區立法委員缺額補選進行投票，由民主進步黨蔡培慧當選。",
        "English_translation": "The 2023 by-election for the Legislative Yuan in Nantou County's 2nd electoral district took place, with Tsai Pei-hui of the Democratic Progressive Party being elected.",
        "incident_planned": "constructed",
        "category": "election",
        "key_event": false,
        "event_code": "2023_03_04_constructed_election"
    },
    {
        "datetime": "2023-03-26",
        "original_text": "宏都拉斯宣佈與台灣即日起斷絕外交關係，並承認北京政府與其建立外交關係",
        "English_translation": "Honduras announced the immediate severance of diplomatic relations with Taiwan and recognized the Beijing government to establish diplomatic relations.",
        "incident_planned": "spontaneous",
        "category": "international relations",
        "key_event": false,
        "event_code": "2023_03_26_spontaneous_international_relations"
    },
    {
        "datetime": "2023-03-27",
        "original_text": "前總統馬英九抵達上海虹橋國際機場，展開為期12天的祭祖交流之旅，成為兩岸分治後首位訪問中國大陸的卸任總統。",
        "English_translation": "Former President Ma Ying-jeou arrived at Shanghai Hongqiao International Airport, starting a 12-day ancestral worship and exchange trip, becoming the first former president to visit mainland China after the cross-strait division.",
        "incident_planned": "constructed",
        "category": "cross-strait",
        "key_event": false,
        "event_code": "2023_03_27_constructed_cross-strait"
    },
    {
        "datetime": "2023-04-05",
        "original_text": "中華民國總統蔡英文與美國眾議院議長凱文·麥卡錫在美國加利福尼亞州文圖拉縣西米谷市隆納·雷根總統圖書館舉行會晤，是中華民國總統首次在美國會見美國眾議院議長。",
        "English_translation": "President Tsai Ing-wen of the Republic of China and U.S. Speaker of the House Kevin McCarthy held a meeting at the Ronald Reagan Presidential Library in Simi Valley, Ventura County, California. It was the first time a President of the Republic of China met with a U.S. Speaker of the House in the United States.",
        "incident_planned": "anticipated",
        "category": "cross-pacific",
        "key_event": false,
        "event_code": "2023_04_05_anticipated_cross-pacific"
    },
    {
        "datetime": "2023-05-01",
        "original_text": "MeToo運動為一場社會運動的開始，從政壇延燒到教育界、演藝圈等各個職場。",
        "English_translation": "The MeToo movement marked the beginning of a social movement, spreading from the political arena to the education sector, entertainment industry, and various workplaces.",
        "incident_planned": "spontaneous",
        "category": "civic",
        "key_event": false,
        "event_code": "2023_05_01_spontaneous_civic"
    },
    {
        "datetime": "2023-06-08",
        "original_text": "新北市板橋區私立寶仁幼兒園發生老師餵食孩童不明藥物事件。",
        "English_translation": "An incident occurred at the private Boren Kindergarten in Banqiao District, New Taipei City, where a teacher was found feeding children unidentified medication.",
        "incident_planned": "spontaneous",
        "category": "civic",
        "key_event": false,
        "event_code": "2023_06_08_spontaneous_civic"
    },
    {
        "datetime": "2023-07-16",
        "original_text": "以居住正義及司法正義為訴求目標的「七月十六上凱道、公平正義救台灣」遊行",
        "English_translation": "The 'July 16 March on Ketagalan Boulevard, Fair Justice Saves Taiwan' march took place, focusing on housing justice and judicial fairness.",
        "incident_planned": "constructed",
        "category": "civic",
        "key_event": false,
        "event_code": "2023_07_16_constructed_civic"
    },
    {
        "datetime": "2023-09-19",
        "original_text": "農委會主委陳吉仲因進口蛋品爭議口頭請辭，行政院院長陳建仁對其慰留，但19日請辭獲准。",
        "English_translation": "Council of Agriculture Minister Chen Chi-chung verbally resigned due to the imported egg controversy. Premier Chen Chien-jen tried to persuade him to stay, but his resignation was accepted on the 19th.",
        "incident_planned": "anticipated",
        "category": "civic",
        "key_event": true,
        "event_code": "2023_09_19_anticipated_civic"
    },
    {
        "datetime": "2023-08-14",
        "original_text": "新竹市市長高虹安在立法委員任內疑似詐領助理費，台北地檢署將其及助理4人提起公訴",
        "English_translation": "Hsinchu City Mayor Kao Hung-an was suspected of fraudulently claiming assistant fees during her tenure as a legislator. The Taipei District Prosecutors Office indicted her and four assistants.",
        "incident_planned": "anticipated",
        "category": "politic",
        "key_event": false,
        "event_code": "2023_08_14_anticipated_politic"
    },
    {
        "datetime": "2023-09-28",
        "original_text": "臺灣自主研製的首艘潛艦海鯤號在高雄市小港區台船海昌廠區正式下水",
        "English_translation": "Taiwan's first domestically developed submarine, the Hai Kun, was officially launched at the CSBC Corporation's shipyard in the Xiaogang District of Kaohsiung City.",
        "incident_planned": "anticipated",
        "category": "cross-strait",
        "key_event": true,
        "event_code": "2023_09_28_anticipated_cross-strait"
    },
    {
        "datetime": "2023-10-04",
        "original_text": "中度颱風小犬襲台，颱風眼牆通過時晚上9時53分蘭嶼氣象站測得陣風為95.2公尺/秒，超過17級陣風，創下台灣最大陣風紀錄，強烈風雨重創當地。",
        "English_translation": "Moderate Typhoon Koinu struck Taiwan, with the Lanyu Weather Station recording gusts of 95.2 meters per second at 9:53 PM as the eye wall passed, exceeding force 17 winds and setting a record for the strongest gust ever recorded in Taiwan, causing severe damage to the area.",
        "incident_planned": "anticipated",
        "category": "disaster",
        "key_event": false,
        "event_code": "2023_10_04_anticipated_disaster"
    },
    {
        "datetime": "2024-01-13",
        "original_text": "中華民國總統副總統及立法委員選舉，民主進步黨候選人賴清德與蕭美琴當選總統副總統，中國國民黨獲得立委最多席次成為國會第一大黨。",
        "English_translation": "The Republic of China's presidential, vice-presidential, and legislative elections took place, with Democratic Progressive Party candidates Lai Ching-te and Hsiao Bi-khim being elected President and Vice President, respectively. The Kuomintang won the most legislative seats, becoming the largest party in the legislature.",
        "incident_planned": "constructed",
        "category": "election",
        "key_event": true,
        "event_code": "2024_01_13_constructed_election"
    },
    {
        "datetime": "2024-01-15",
        "original_text": "諾魯總統戴維·阿迪昂單方面宣布與中華民國二次斷交。隨後於1月24日，與中華人民共和國正式恢復外交關係。",
        "English_translation": "Nauru's President Lionel Aingimea unilaterally announced the severance of diplomatic relations with the Republic of China for the second time. Subsequently, on January 24, Nauru officially resumed diplomatic relations with the People's Republic of China.",
        "incident_planned": "spontaneous",
        "category": "cross-strait",
        "key_event": true,
        "event_code": "2024_01_15_spontaneous_international_relations"
    },
    {
        "datetime": "2024-02-01",
        "original_text": "第11屆立法委員就職，並由中國國民黨籍之韓國瑜、江啟臣當選立法院院長、副院長。",
        "English_translation": "The 11th Legislative Yuan was inaugurated, with Kuomintang members Han Kuo-yu and Chiang Chi-chen being elected as the Speaker and Deputy Speaker of the Legislative Yuan, respectively.",
        "incident_planned": "constructed",
        "category": "politic",
        "key_event": false,
        "event_code": "2024_02_01_constructed_politic"
    },{
        "datetime": "2024-01-09",
        "original_text": "中國發射愛因斯坦探針衛星的飛抵台灣南部上空，國防部特別傳送多次防空訊息通知，英文版本將「衛星」翻譯成「Missile」（飛彈），中華民國國防部則對此失誤發稿致歉",
        "English_translation": "A Chinese satellite, the Einstein Probe, flew over southern Taiwan, prompting multiple air defense notifications from the Ministry of National Defense. The English version of the notification translated 'satellite' as 'missile', leading to an apology from the Republic of China's Ministry of National Defense for the error.",
        "incident_planned": "spontaneous",
        "category": "cross-strait",
        "key_event": true,
        "event_code": "2024_01_09_spontaneous_cross-strait"
    },
    {
        "datetime": "2024-02-14",
        "original_text": "中華人民共和國籍快艇遭遇中華民國海巡署第九海巡隊檢查時，快艇拒檢逃離時翻覆，即2024年金門近海快艇翻覆事故。",
        "English_translation": "A People's Republic of China speedboat capsized while fleeing from an inspection by the 9th Coast Guard Squadron of the Republic of China, known as the 2024 Kinmen near-sea speedboat capsizing incident.",
        "incident_planned": "spontaneous",
        "category": "cross-strait",
        "key_event": true,
        "event_code": "2024_02_14_spontaneous_cross-strait"
    }]
}